ID,DESCRITION,CREATION_DATE,DATETIME_VALUE,PRIMARY1,PRIMARY2,PRIMARY3,NULLABLE1,NULLABLE2,NULLABLE3,SUMVALUE1,SUMVALUE2,GENDER,YEARMONTH,CODEVALUE,BUSINESS_DATE
1,Description1,2021-01-01,2021-01-01 00:00:00,Primary11,Primary21,Primary31,Nullable11,Nullable21,Nullable31,98.21324,798.21,Female,2021-06-01,Code1,2021-05-25
2,Description2,1982-10-01,2020-02-10 11:30:00,Primary12,Primary22,Primary32,Nullable12,Nullable22,Nullable32,199761.9167,,Male,1990-01-01,Old Code2,2021-05-25
3,Description3,2021-03-15,2019-03-21 23:00:00,Primary13,Primary23,Primary33,Nullable13,Nullable23,Nullable33,199617.5,325.52,Unspecified,2000-10-01,Code3,2021-05-25
4,Description4,1995-06-14,2018-04-30 10:30:00,Primary14,Primary24,Primary34,Nullable14,Nullable24,Nullable34,199473.0833,3523,Female,2020-02-01,Old Code4,2021-05-25
5,Description5,2021-01-01,2017-06-08 22:00:00,Primary15,Primary25,Primary35,Nullable15,Nullable25,Nullable35,199328.6667,3235.564565,Male,2021-03-01,Code5,2021-05-25
6,Description6,1982-10-01,2016-07-18 09:30:00,Primary16,Primary26,Primary36,Nullable16,Nullable26,Nullable36,199184.25,3990.53051,Unspecified,1995-06-01,Old Code6,2021-05-25
7,Description7,2021-03-15,2015-08-27 21:00:00,Primary17,Primary27,Primary37,Nullable17,,Nullable37,199039.8333,4725.06028,Female,2001-11-01,Code7,2021-05-25
8,Description8,2021-05-14,2014-10-06 08:30:00,Primary18,Primary28,Primary38,Nullable18,Nullable28,Nullable38,198895.4167,5459.59005,Male,1990-12-01,Code8,2021-05-25
9,Description9,2021-01-01,2013-11-14 20:00:00,Primary19,Primary29,Primary39,,Nullable29,Nullable39,5243.456347,6194.11982,Unspecified,2005-05-01,Code9,2021-05-25
10,Description10,1982-10-01,2012-12-24 07:30:00,Primary110,Primary210,Primary310,Nullable110,Nullable210,Nullable310,199761.9167,6928.64959,Female,2021-06-01,Old Code1,2021-05-25
11,Description11,2021-03-15,2012-02-02 19:00:00,Primary111,Primary211,Primary311,Nullable111,Nullable211,Nullable311,199617.4635,7663.179361,Male,1990-01-01,Code2,2021-05-25
12,Description12,1995-06-14,2011-03-14 06:30:00,Primary112,Primary212,Primary312,Nullable112,Nullable212,Nullable312,199473.0833,8397.709131,Unspecified,2000-10-01,Old Code3,2021-05-25
13,Description13,2021-01-01,2010-04-22 18:00:00,Primary113,Primary213,Primary313,Nullable113,Nullable213,Nullable313,199328.6667,9132.238901,Female,2020-02-01,Code4,2021-05-25
14,Description14,1982-10-01,2009-06-01 05:30:00,Primary114,Primary214,Primary314,Nullable114,Nullable214,Nullable314,199184.25,9866.768671,Male,2021-03-01,Old Code5,2021-05-25
15,Description15,2021-03-15,2008-07-10 17:00:00,Primary115,Primary215,Primary315,Nullable115,Nullable215,,199039.8333,10601.29844,Unspecified,1995-06-01,Code6,2021-05-25
16,Description16,1995-06-14,2007-08-20 04:30:00,Primary116,Primary216,Primary316,Nullable116,Nullable216,Nullable316,198895.4167,11335.82821,Female,2001-11-01,Old Code7,2021-05-25
17,Description17,2021-01-01,2006-09-28 16:00:00,Primary117,Primary217,Primary317,Nullable117,Nullable217,Nullable317,198751,12070.35798,Male,1990-12-01,Code8,2021-05-25
18,Description18,1982-10-01,2005-11-07 03:30:00,Primary118,Primary218,Primary318,Nullable118,Nullable218,Nullable318,198606.5833,12804.88775,Unspecified,2005-05-01,Old Code9,2021-05-25
19,Description19,2021-03-15,2004-12-16 15:00:00,Primary119,Primary219,Primary319,Nullable119,,Nullable319,198462.1667,13539.41752,Female,2021-06-01,Code1,2021-05-25
20,Description20,1995-06-14,2004-01-26 02:30:00,Primary120,Primary220,Primary320,Nullable120,Nullable220,Nullable320,198317.75,14273.94729,Male,1990-01-01,Old Code2,2021-05-25
21,Description21,2021-01-01,2003-03-06 14:00:00,Primary121,Primary221,Primary321,Nullable121,Nullable221,Nullable321,198173.3333,15008.47706,Unspecified,2000-10-01,Code3,2021-05-25
22,Description22,1982-10-01,2002-04-15 01:30:00,Primary122,Primary222,Primary322,Nullable122,Nullable222,Nullable322,198028.9167,15743.00683,Female,2020-02-01,Old Code4,2021-05-25
23,Description23,2021-03-15,2001-05-24 13:00:00,Primary123,Primary223,Primary323,Nullable123,Nullable223,Nullable323,197884.5,16477.5366,Male,2021-03-01,Code5,2021-05-25
24,Description24,1995-06-14,2000-07-03 00:30:00,Primary124,Primary224,Primary324,Nullable124,Nullable224,Nullable324,197740.0833,17212.06637,Unspecified,1995-06-01,Old Code6,2021-05-25
25,Description25,2021-01-01,1999-08-12 12:00:00,Primary125,Primary225,Primary325,Nullable125,Nullable225,Nullable325,197595.6667,17946.59614,Female,2001-11-01,Code7,2021-05-25
26,Description26,2021-10-01,1998-09-20 23:30:00,Primary126,Primary226,Primary326,Nullable126,Nullable226,Nullable326,197451.25,18681.12591,Male,1990-12-01,Code8,2021-05-25
27,Description27,2021-03-15,1997-10-30 11:00:00,Primary127,Primary227,Primary327,Nullable127,Nullable227,Nullable327,197306.8333,19415.65568,Unspecified,2005-05-01,Code9,2021-05-25
28,Description28,1995-06-14,1996-12-08 22:30:00,Primary128,Primary228,Primary328,Nullable128,Nullable228,,197162.4167,20150.18545,Female,2021-06-01,Old Code1,2021-05-25
29,Description29,2021-01-01,1996-01-18 10:00:00,Primary129,Primary229,Primary329,,Nullable229,Nullable329,197018,20884.71522,Male,1990-01-01,Code2,2021-05-25
30,Description30,1982-10-01,1995-02-26 21:30:00,Primary130,Primary230,Primary330,Nullable130,Nullable230,Nullable330,196873.5833,21619.245,Unspecified,2000-10-01,Old Code3,2021-05-25
31,Description31,2021-03-15,1994-04-07 09:00:00,Primary131,Primary231,Primary331,Nullable131,Nullable231,Nullable331,196729.1667,22353.77477,Female,2020-02-01,Code4,2021-05-25
32,Description32,1995-06-14,1993-05-16 20:30:00,Primary132,Primary232,Primary332,Nullable132,Nullable232,Nullable332,196584.75,23088.30454,Male,2021-03-01,Old Code5,2021-05-25
33,Description33,2021-01-01,1992-06-25 08:00:00,Primary133,Primary233,Primary333,Nullable133,Nullable233,Nullable333,196440.3333,23822.83431,Unspecified,1995-06-01,Code6,2021-05-25
34,Description34,1982-10-01,1991-08-04 19:30:00,Primary134,Primary234,Primary334,Nullable134,,Nullable334,196295.9167,24557.36408,Female,2001-11-01,Old Code7,2021-05-25
35,Description35,2021-03-15,1990-09-13 07:00:00,Primary135,Primary235,Primary335,Nullable135,Nullable235,Nullable335,196151.5,25291.89385,Male,1990-12-01,Code8,2021-05-25
36,Description36,1995-06-14,1989-10-22 18:30:00,Primary136,Primary236,Primary336,Nullable136,Nullable236,,196007.0833,26026.42362,Unspecified,2005-05-01,Old Code9,2021-05-25
37,Description37,2021-01-01,1988-12-01 06:00:00,Primary137,Primary237,Primary337,Nullable137,Nullable237,Nullable337,195862.6667,26760.95339,Female,2021-06-01,Code1,2021-05-25
38,Description38,1982-10-01,1988-01-10 17:30:00,Primary138,Primary238,Primary338,,Nullable238,Nullable338,195718.25,27495.48316,Male,1990-01-01,Old Code2,2021-05-25
39,Description39,2021-03-15,1987-02-19 05:00:00,Primary139,Primary239,Primary339,Nullable139,Nullable239,Nullable339,195573.8333,28230.01293,Unspecified,2000-10-01,Code3,2021-05-25
40,Description40,1995-06-14,1986-03-30 16:30:00,Primary140,Primary240,Primary340,Nullable140,Nullable240,Nullable340,195429.4167,28964.5427,Female,2020-02-01,Old Code4,2021-05-25
41,Description41,2021-01-01,1985-05-09 04:00:00,Primary141,Primary241,Primary341,Nullable141,Nullable241,,195285,29699.07247,Male,2021-03-01,Code5,2021-05-25
42,Description42,1982-10-01,1984-06-17 15:30:00,Primary142,Primary242,Primary342,Nullable142,,Nullable342,195140.5833,30433.60224,Unspecified,1995-06-01,Old Code6,2021-05-25
43,Description43,2021-03-15,1983-07-28 03:00:00,Primary143,Primary243,Primary343,Nullable143,Nullable243,Nullable343,194996.1667,31168.13201,Female,2001-11-01,Code7,2021-05-25
44,Description44,1995-06-14,1982-09-05 14:30:00,Primary144,Primary244,Primary344,Nullable144,Nullable244,Nullable344,194851.75,31902.66178,Male,1990-12-01,Old Code8,2021-05-25
45,Description45,2021-01-01,1981-10-15 02:00:00,Primary145,Primary245,Primary345,Nullable145,Nullable245,Nullable345,194707.3333,32637.19155,Unspecified,2005-05-01,Code9,2021-05-25
46,Description46,1982-10-01,1980-11-23 13:30:00,Primary146,Primary246,Primary346,Nullable146,Nullable246,Nullable346,194562.9167,33371.72132,Female,2021-06-01,Old Code1,2021-05-25
47,Description47,2021-03-15,1980-01-03 01:00:00,Primary147,Primary247,Primary347,,,,194418.5,34106.25109,Male,1990-01-01,Code2,2021-05-25
48,Description48,1995-06-14,1979-02-11 12:30:00,Primary148,Primary248,Primary348,Nullable148,Nullable248,Nullable348,194274.0833,34840.78086,Unspecified,2000-10-01,Old Code3,2021-05-25
49,Description49,2021-01-01,1978-03-23 00:00:00,Primary149,Primary249,Primary349,Nullable149,Nullable249,Nullable349,194129.6667,35575.31063,Female,2020-02-01,Code4,2021-05-25
50,Description50,1982-10-01,1977-05-01 11:30:00,Primary150,Primary250,Primary350,Nullable150,Nullable250,Nullable350,193985.25,36309.8404,Male,2021-03-01,Old Code5,2021-05-25
51,Description51,2021-03-15,1976-06-09 23:00:00,Primary151,Primary251,Primary351,Nullable151,,,193840.8333,37044.37017,Unspecified,1995-06-01,Code6,2021-05-25
52,Description52,1995-06-14,1975-07-20 10:30:00,Primary152,Primary252,Primary352,Nullable152,Nullable252,Nullable352,193696.4167,37778.89994,Female,2001-11-01,Old Code7,2021-05-25
53,Description53,2021-01-01,1974-08-28 22:00:00,Primary153,Primary253,Primary353,,Nullable253,Nullable353,193552,38513.42971,Male,1990-12-01,Code8,2021-05-25
54,Description54,1982-10-01,1973-10-07 09:30:00,Primary154,Primary254,Primary354,Nullable154,Nullable254,Nullable354,193407.5833,39247.95948,Unspecified,2005-05-01,Old Code9,2021-05-25
55,Description55,2021-03-15,1972-11-15 21:00:00,Primary155,Primary255,Primary355,Nullable155,Nullable255,Nullable355,193263.1667,39982.48925,Female,2020-02-01,Code1,2021-05-25
56,Description56,1995-06-14,1971-12-26 08:30:00,Primary156,Primary256,Primary356,Nullable156,Nullable256,Nullable356,193118.75,40717.01902,Male,2021-03-01,Old Code2,2021-05-25
57,Description57,2021-01-01,1971-02-03 20:00:00,Primary157,Primary257,Primary357,Nullable157,Nullable257,Nullable357,192974.3333,41451.54879,Unspecified,1995-06-01,Code3,2021-05-25
58,Description58,1982-10-01,1970-03-15 07:30:00,Primary158,Primary258,Primary358,Nullable158,Nullable258,,192829.9167,42186.07856,Female,2001-11-01,Old Code4,2021-05-25
59,Description59,2021-03-15,1969-04-23 19:00:00,Primary159,Primary259,Primary359,Nullable159,Nullable259,Nullable359,192685.5,42920.60833,Male,1990-12-01,Code5,2021-05-25
60,Description60,1995-06-14,1968-06-02 06:30:00,Primary160,Primary260,Primary360,,Nullable260,Nullable360,192541.0833,43655.1381,Unspecified,2005-05-01,Old Code6,2021-05-25
61,Description61,2021-01-01,1967-07-12 18:00:00,Primary161,Primary261,Primary361,Nullable161,Nullable261,Nullable361,192396.6667,44389.66787,Female,2021-06-01,Code7,2021-05-25
62,Description62,1982-10-01,1966-08-21 05:30:00,Primary162,Primary262,Primary362,Nullable162,Nullable262,Nullable362,192252.25,45124.19764,Male,1990-01-01,Old Code8,2021-05-25
63,Description63,2021-03-15,1965-09-29 17:00:00,Primary163,Primary263,Primary363,Nullable163,Nullable263,Nullable363,192107.8333,45858.72741,Unspecified,2000-10-01,Code9,2021-05-25
64,Description64,1995-06-14,1964-11-08 04:30:00,Primary164,Primary264,Primary364,Nullable164,,Nullable364,191963.4167,46593.25718,Female,2020-02-01,Old Code1,2021-05-25
65,Description65,2021-01-01,1963-12-18 16:00:00,Primary165,Primary265,Primary365,Nullable165,Nullable265,Nullable365,191819,47327.78695,Male,2021-03-01,Code2,2021-05-25
66,Description66,1982-10-01,1963-01-27 03:30:00,Primary166,Primary266,Primary366,,Nullable266,Nullable366,191674.5833,48062.31672,Unspecified,1995-06-01,Old Code3,2021-05-25
67,Description67,2021-03-15,1962-03-07 15:00:00,Primary167,Primary267,Primary367,,Nullable267,Nullable367,191530.1667,48796.84649,Female,2001-11-01,Code4,2021-05-25
68,Description68,1995-06-14,1961-04-16 02:30:00,Primary168,Primary268,Primary368,Nullable168,Nullable268,Nullable368,191385.75,49531.37626,Male,1990-12-01,Old Code5,2021-05-25
69,Description69,2021-01-01,1960-05-25 14:00:00,Primary169,Primary269,Primary369,Nullable169,Nullable269,Nullable369,191241.3333,50265.90603,Unspecified,2005-05-01,Code6,2021-05-25
70,Description70,1982-10-01,1959-07-05 01:30:00,Primary170,Primary270,Primary370,Nullable170,,Nullable370,191096.9167,51000.4358,Female,2021-06-01,Old Code7,2021-05-25
71,Description71,2021-03-15,1958-08-13 13:00:00,Primary171,Primary271,Primary371,Nullable171,Nullable271,Nullable371,190952.5,51734.96557,Male,1990-01-01,Code8,2021-05-25
72,Description72,1995-06-14,1957-09-22 00:30:00,Primary172,Primary272,Primary372,Nullable172,Nullable272,,190808.0833,52469.49535,Unspecified,2000-10-01,Old Code9,2021-05-25
73,Description73,2021-01-01,1956-10-31 12:00:00,Primary173,Primary273,Primary373,Nullable173,Nullable273,Nullable373,190663.6667,53204.02512,Female,2020-02-01,Code1,2021-05-25
74,Description74,1982-10-01,1955-12-10 23:30:00,Primary174,Primary274,Primary374,Nullable174,Nullable274,Nullable374,190519.25,53938.55489,Male,2021-03-01,Old Code2,2021-05-25
75,Description75,2021-03-15,1955-01-19 11:00:00,Primary175,Primary275,Primary375,,Nullable275,Nullable375,190374.8333,54673.08466,Unspecified,1995-06-01,Code3,2021-05-25
76,Description76,1995-06-14,1954-02-27 22:30:00,Primary176,Primary276,Primary376,Nullable176,Nullable276,Nullable376,190230.4167,55407.61443,Female,2001-11-01,Old Code4,2021-05-25
77,Description77,2021-01-01,1953-04-08 10:00:00,Primary177,Primary277,Primary377,Nullable177,,Nullable377,190086,56142.1442,Male,1990-12-01,Code5,2021-05-25
78,Description78,1982-10-01,1952-05-17 21:30:00,Primary178,Primary278,Primary378,Nullable178,Nullable278,Nullable378,189941.5833,56876.67397,Unspecified,2005-05-01,Old Code6,2021-05-25
79,Description79,2021-03-15,1951-06-27 09:00:00,Primary179,Primary279,Primary379,Nullable179,Nullable279,Nullable379,189797.1667,57611.20374,Female,2021-06-01,Code7,2021-05-25
80,Description80,1995-06-14,1950-08-05 20:30:00,Primary180,Primary280,Primary380,Nullable180,Nullable280,Nullable380,189652.75,58345.73351,Male,1990-01-01,Old Code8,2021-05-25
81,Description81,2021-01-01,1949-09-14 08:00:00,Primary181,Primary281,Primary381,Nullable181,Nullable281,,189508.3333,59080.26328,Unspecified,2000-10-01,Code9,2021-05-25
82,Description82,1982-10-01,1948-10-23 19:30:00,Primary182,Primary282,Primary382,Nullable182,,Nullable382,189363.9167,59814.79305,Female,2020-02-01,Old Code1,2021-05-25
83,Description83,2021-03-15,1947-12-03 07:00:00,Primary183,Primary283,Primary383,Nullable183,Nullable283,Nullable383,189219.5,60549.32282,Male,2021-03-01,Code2,2021-05-25
84,Description84,1995-06-14,1947-01-11 18:30:00,Primary184,Primary284,Primary384,,Nullable284,Nullable384,189075.0833,61283.85259,Unspecified,1995-06-01,Old Code3,2021-05-25
85,Description85,2021-01-01,1946-02-20 06:00:00,Primary185,Primary285,Primary385,Nullable185,,,188930.6667,62018.38236,Female,2001-11-01,Code4,2021-05-25
86,Description86,1982-10-01,1945-03-31 17:30:00,Primary186,Primary286,Primary386,Nullable186,Nullable286,Nullable386,188786.25,62752.91213,Male,1990-12-01,Old Code5,2021-05-25
87,Description87,2021-03-15,1944-05-10 05:00:00,Primary187,Primary287,Primary387,Nullable187,Nullable287,Nullable387,188641.8333,63487.4419,Unspecified,2005-05-01,Code6,2021-05-25
88,Description88,1995-06-14,1943-06-19 16:30:00,Primary188,Primary288,Primary388,Nullable188,Nullable288,Nullable388,188497.4167,64221.97167,Female,2021-06-01,Old Code7,2021-05-25
89,Description89,2021-01-01,1942-07-29 04:00:00,Primary189,Primary289,Primary389,Nullable189,Nullable289,Nullable389,188353,64956.50144,Male,1990-01-01,Code8,2021-05-25
90,Description90,1982-10-01,1941-09-06 15:30:00,Primary190,Primary290,Primary390,Nullable190,Nullable290,Nullable390,188208.5833,65691.03121,Unspecified,2000-10-01,Old Code9,2021-05-25
91,Description91,2021-03-15,1940-10-16 03:00:00,Primary191,Primary291,Primary391,Nullable191,Nullable291,Nullable391,188064.1667,66425.56098,Female,2020-02-01,Code1,2021-05-25
92,Description92,1995-06-14,1939-11-25 14:30:00,Primary192,Primary292,Primary392,,Nullable292,Nullable392,187919.75,67160.09075,Male,2021-03-01,Old Code2,2021-05-25
93,Description93,2021-01-01,1939-01-04 02:00:00,Primary193,Primary293,Primary393,Nullable193,Nullable293,Nullable393,187775.3333,67894.62052,Unspecified,1995-06-01,Code3,2021-05-25
94,Description94,1982-10-01,1938-02-12 13:30:00,Primary194,Primary294,Primary394,Nullable194,,Nullable394,187630.9167,68629.15029,Female,2001-11-01,Old Code4,2021-05-25
95,Description95,2021-03-15,1937-03-24 01:00:00,Primary195,Primary295,Primary395,Nullable195,Nullable295,Nullable395,187486.5,69363.68006,Male,1990-12-01,Code5,2021-05-25
96,Description96,1995-06-14,1936-05-02 12:30:00,Primary196,Primary296,Primary396,Nullable196,Nullable296,Nullable396,187342.0833,70098.20983,Unspecified,2005-05-01,Old Code6,2021-05-25
97,Description97,2021-01-01,1935-06-12 00:00:00,Primary197,Primary297,Primary397,Nullable197,Nullable297,Nullable397,187197.6667,70832.7396,Female,2021-06-01,Code7,2021-05-25
98,Description98,1982-10-01,1934-07-21 11:30:00,Primary198,Primary298,Primary398,Nullable198,Nullable298,Nullable398,187053.25,71567.26937,Male,1990-01-01,Old Code8,2021-05-25
99,Description99,2021-03-15,1933-08-29 23:00:00,Primary199,Primary299,Primary399,,Nullable299,Nullable399,186908.8333,72301.79914,Unspecified,2000-10-01,Code9,2021-05-25
100,Description100,1995-06-14,1932-10-08 10:30:00,Primary1100,Primary2100,Primary3100,Nullable1100,Nullable2100,,186764.4167,73036.32891,Female,2020-02-01,Old Code1,2021-05-25
101,Description101,2021-01-01,1931-11-17 21:59:59,Primary1101,Primary2101,Primary3101,Nullable1101,Nullable2101,Nullable3101,186620,73770.85868,Male,2021-03-01,Code2,2021-05-25
102,Description102,1982-10-01,1930-12-27 09:29:59,Primary1102,Primary2102,Primary3102,Nullable1102,Nullable2102,Nullable3102,186475.5833,74505.38845,Unspecified,1995-06-01,Old Code3,2021-05-25
103,Description103,2021-03-15,1930-02-04 20:59:59,Primary1103,Primary2103,Primary3103,Nullable1103,Nullable2103,Nullable3103,186331.1667,75239.91822,Female,2001-11-01,Code4,2021-05-25
104,Description104,1995-06-14,1929-03-16 08:29:59,Primary1104,Primary2104,Primary3104,Nullable1104,Nullable2104,Nullable3104,186186.75,75974.44799,Male,1990-12-01,Old Code5,2021-05-25
105,Description105,2021-01-01,1928-04-24 19:59:59,Primary1105,Primary2105,Primary3105,Nullable1105,,Nullable3105,186042.3333,76708.97776,Unspecified,2005-05-01,Code6,2021-05-25
106,Description106,1982-10-01,1927-06-04 07:29:59,Primary1106,Primary2106,Primary3106,Nullable1106,Nullable2106,,185897.9167,77443.50753,Female,2020-02-01,Old Code7,2021-05-25
107,Description107,2021-03-15,1926-07-13 18:59:59,Primary1107,Primary2107,Primary3107,Nullable1107,Nullable2107,Nullable3107,185753.5,78178.0373,Male,2021-03-01,Code8,2021-05-25
108,Description108,1995-06-14,1925-08-22 06:29:59,Primary1108,Primary2108,Primary3108,Nullable1108,Nullable2108,Nullable3108,185609.0833,78912.56707,Unspecified,1995-06-01,Old Code9,2021-05-25
109,Description109,2021-01-01,1924-09-30 17:59:59,Primary1109,Primary2109,Primary3109,,Nullable2109,Nullable3109,185464.6667,79647.09684,Female,2001-11-01,Code1,2021-05-25
110,Description110,1982-10-01,1923-11-10 05:29:59,Primary1110,Primary2110,Primary3110,Nullable1110,Nullable2110,Nullable3110,185320.25,80381.62661,Male,1990-12-01,Old Code2,2021-05-25
111,Description111,2021-03-15,1922-12-19 16:59:59,Primary1111,Primary2111,Primary3111,Nullable1111,Nullable2111,Nullable3111,185175.8333,81116.15638,Unspecified,2005-05-01,Code3,2021-05-25
112,Description112,1995-06-14,1922-01-28 04:29:59,Primary1112,Primary2112,Primary3112,Nullable1112,Nullable2112,Nullable3112,185031.4167,81850.68615,Female,2021-06-01,Old Code4,2021-05-25
113,Description113,2021-01-01,1921-03-08 15:59:59,Primary1113,Primary2113,Primary3113,Nullable1113,Nullable2113,,184887,82585.21592,Male,1990-01-01,Code5,2021-05-25
114,Description114,1982-10-01,1920-04-17 03:29:59,Primary1114,Primary2114,Primary3114,Nullable1114,Nullable2114,Nullable3114,184742.5833,83319.74569,Unspecified,2000-10-01,Old Code6,2021-05-25
115,Description115,2021-03-15,1919-05-27 14:59:59,Primary1115,Primary2115,Primary3115,Nullable1115,Nullable2115,Nullable3115,184598.1667,84054.27547,Female,2020-02-01,Code7,2021-05-25
116,Description116,1995-06-14,1918-07-06 02:29:59,Primary1116,Primary2116,Primary3116,Nullable1116,Nullable2116,Nullable3116,184453.75,84788.80524,Male,2021-03-01,Old Code8,2021-05-25
117,Description117,2021-01-01,1917-08-14 13:59:59,Primary1117,Primary2117,Primary3117,Nullable1117,,Nullable3117,184309.3333,85523.33501,Unspecified,1995-06-01,Code9,2021-05-25
118,Description118,1982-10-01,1916-09-23 01:29:59,Primary1118,Primary2118,Primary3118,Nullable1118,Nullable2118,Nullable3118,184164.9167,86257.86478,Female,2001-11-01,Old Code1,2021-05-25
119,Description119,2021-03-15,1915-11-02 12:59:59,Primary1119,Primary2119,Primary3119,Nullable1119,Nullable2119,Nullable3119,184020.5,86992.39455,Male,1990-12-01,Code2,2021-05-25
120,Description120,1995-06-14,1914-12-12 00:29:59,Primary1120,Primary2120,Primary3120,Nullable1120,Nullable2120,,183876.0833,87726.92432,Unspecified,2005-05-01,Old Code3,2021-05-25
121,Description121,2021-01-01,1914-01-20 11:59:59,Primary1121,Primary2121,Primary3121,Nullable1121,Nullable2121,Nullable3121,183731.6667,88461.45409,Female,2021-06-01,Code4,2021-05-25
122,Description122,1982-10-01,1913-02-28 23:29:59,Primary1122,Primary2122,Primary3122,Nullable1122,Nullable2122,Nullable3122,183587.25,89195.98386,Male,1990-01-01,Old Code5,2021-05-25
123,Description123,2021-03-15,1912-04-09 10:59:59,Primary1123,Primary2123,Primary3123,Nullable1123,Nullable2123,Nullable3123,183442.8333,89930.51363,Unspecified,2000-10-01,Code6,2021-05-25
124,Description124,1995-06-14,1911-05-19 22:29:59,Primary1124,Primary2124,Primary3124,Nullable1124,Nullable2124,Nullable3124,183298.4167,90665.0434,Female,2020-02-01,Old Code7,2021-05-25
125,Description125,2021-01-01,1910-06-28 09:59:59,Primary1125,Primary2125,Primary3125,Nullable1125,Nullable2125,Nullable3125,183154,91399.57317,Male,2021-03-01,Code8,2021-05-25
126,Description126,1982-10-01,1909-08-06 21:29:59,Primary1126,Primary2126,Primary3126,,,Nullable3126,183009.5833,92134.10294,Unspecified,1995-06-01,Old Code9,2021-05-25
127,Description127,2021-03-15,1908-09-15 08:59:59,Primary1127,Primary2127,Primary3127,Nullable1127,Nullable2127,Nullable3127,182865.1667,92868.63271,Female,2001-11-01,Code1,2021-05-25
128,Description128,1995-06-14,1907-10-25 20:29:59,Primary1128,Primary2128,Primary3128,Nullable1128,Nullable2128,Nullable3128,182720.75,93603.16248,Male,1990-12-01,Old Code2,2021-05-25
129,Description129,2021-01-01,1906-12-04 07:59:59,Primary1129,Primary2129,Primary3129,Nullable1129,Nullable2129,Nullable3129,182576.3333,94337.69225,Unspecified,2005-05-01,Code3,2021-05-25
130,Description130,1982-10-01,1906-01-12 19:29:59,Primary1130,Primary2130,Primary3130,Nullable1130,Nullable2130,Nullable3130,182431.9167,95072.22202,Female,2021-06-01,Old Code4,2021-05-25
131,Description131,2021-03-15,1905-02-21 06:59:59,Primary1131,Primary2131,Primary3131,Nullable1131,Nullable2131,,182287.5,95806.75179,Male,1990-01-01,Code5,2021-05-25
132,Description132,1995-06-14,1904-04-01 18:29:59,Primary1132,Primary2132,Primary3132,Nullable1132,Nullable2132,Nullable3132,182143.0833,96541.28156,Unspecified,2000-10-01,Old Code6,2021-05-25
133,Description133,2021-01-01,1903-05-12 05:59:59,Primary1133,Primary2133,Primary3133,Nullable1133,Nullable2133,Nullable3133,181998.6667,97275.81133,Female,2020-02-01,Code7,2021-05-25
134,Description134,1982-10-01,1902-06-20 17:29:59,Primary1134,Primary2134,Primary3134,Nullable1134,Nullable2134,Nullable3134,181854.25,98010.3411,Male,2021-03-01,Old Code8,2021-05-25
135,Description135,2021-03-15,1901-07-30 04:59:59,Primary1135,Primary2135,Primary3135,Nullable1135,Nullable2135,Nullable3135,181709.8333,98744.87087,Unspecified,1995-06-01,Code9,2021-05-25
136,Description136,1995-06-14,1900-09-07 16:29:59,Primary1136,Primary2136,Primary3136,Nullable1136,Nullable2136,Nullable3136,181565.4167,99479.40064,Female,2001-11-01,Old Code1,2021-05-25
137,Description137,2021-01-01,2021-01-01 00:00:00,Primary1137,Primary2137,Primary3137,Nullable1137,Nullable2137,Nullable3137,181421,100213.9304,Male,1990-12-01,Code2,2021-05-25
138,Description138,1982-10-01,2020-02-10 11:30:00,Primary1138,Primary2138,Primary3138,Nullable1138,Nullable2138,Nullable3138,181276.5833,100948.4602,Unspecified,2005-05-01,Old Code3,2021-05-25
139,Description139,2021-03-15,2021-01-01 00:00:00,Primary1139,Primary2139,Primary3139,Nullable1139,Nullable2139,Nullable3139,181132.1667,101682.99,Female,2021-06-01,Code4,2021-05-25
140,Description140,1995-06-14,2020-02-10 11:30:00,Primary1140,Primary2140,Primary3140,Nullable1140,Nullable2140,Nullable3140,180987.75,102417.5197,Male,1990-01-01,Old Code5,2021-05-25
141,Description141,2021-01-01,2021-01-01 00:00:00,Primary1141,Primary2141,Primary3141,Nullable1141,Nullable2141,Nullable3141,180843.3333,103152.0495,Unspecified,2000-10-01,Code6,2021-05-25
142,Description142,1982-10-01,2020-02-10 11:30:00,Primary1142,Primary2142,Primary3142,Nullable1142,Nullable2142,Nullable3142,180698.9167,103886.5793,Female,2020-02-01,Old Code7,2021-05-25
143,Description143,2021-03-15,2021-01-01 00:00:00,Primary1143,Primary2143,Primary3143,Nullable1143,Nullable2143,Nullable3143,180554.5,104621.109,Male,2021-03-01,Code8,2021-05-25
144,Description144,1995-06-14,2020-02-10 11:30:00,Primary1144,Primary2144,Primary3144,,Nullable2144,Nullable3144,180410.0833,105355.6388,Unspecified,1995-06-01,Old Code9,2021-05-25
145,Description145,2021-01-01,2021-01-01 00:00:00,Primary1145,Primary2145,Primary3145,Nullable1145,Nullable2145,Nullable3145,180265.6667,106090.1686,Female,2001-11-01,Code1,2021-05-25
146,Description146,1982-10-01,2020-02-10 11:30:00,Primary1146,Primary2146,Primary3146,Nullable1146,,Nullable3146,180121.25,106824.6983,Male,1990-12-01,Old Code2,2021-05-25
147,Description147,2021-03-15,2021-01-01 00:00:00,Primary1147,Primary2147,Primary3147,Nullable1147,Nullable2147,Nullable3147,179976.8333,107559.2281,Unspecified,2005-05-01,Code3,2021-05-25
148,Description148,1995-06-14,2020-02-10 11:30:00,Primary1148,Primary2148,Primary3148,Nullable1148,Nullable2148,,179832.4167,108293.7579,Female,2021-06-01,Old Code4,2021-05-25
149,Description149,2021-01-01,2021-01-01 00:00:00,Primary1149,Primary2149,Primary3149,Nullable1149,Nullable2149,Nullable3149,179688,109028.2877,Male,1990-01-01,Code5,2021-05-25
150,Description150,1982-10-01,2020-02-10 11:30:00,Primary1150,Primary2150,Primary3150,Nullable1150,Nullable2150,Nullable3150,179543.5833,109762.8174,Unspecified,2000-10-01,Old Code6,2021-05-25
151,Description151,2021-03-15,2021-01-01 00:00:00,Primary1151,Primary2151,Primary3151,Nullable1151,Nullable2151,Nullable3151,179399.1667,110497.3472,Female,2020-02-01,Code7,2021-05-25
152,Description152,1995-06-14,2020-02-10 11:30:00,Primary1152,Primary2152,Primary3152,Nullable1152,Nullable2152,Nullable3152,179254.75,111231.877,Male,2021-03-01,Old Code8,2021-05-25
153,Description153,2021-01-01,2021-01-01 00:00:00,Primary1153,Primary2153,Primary3153,Nullable1153,Nullable2153,Nullable3153,179110.3333,111966.4067,Unspecified,1995-06-01,Code9,2021-05-25
154,Description154,1982-10-01,2020-02-10 11:30:00,Primary1154,Primary2154,Primary3154,Nullable1154,Nullable2154,Nullable3154,178965.9167,112700.9365,Female,2001-11-01,Old Code1,2021-05-25
155,Description155,2021-03-15,2021-01-01 00:00:00,Primary1155,Primary2155,Primary3155,,Nullable2155,Nullable3155,178821.5,113435.4663,Male,1990-12-01,Code2,2021-05-25
156,Description156,1995-06-14,2020-02-10 11:30:00,Primary1156,Primary2156,Primary3156,Nullable1156,Nullable2156,Nullable3156,178677.0833,114169.996,Unspecified,2005-05-01,Old Code3,2021-05-25
157,Description157,2021-01-01,2021-01-01 00:00:00,Primary1157,Primary2157,Primary3157,Nullable1157,Nullable2157,Nullable3157,178532.6667,114904.5258,Female,2020-02-01,Code4,2021-05-25
158,Description158,1982-10-01,2020-02-10 11:30:00,Primary1158,Primary2158,Primary3158,Nullable1158,Nullable2158,Nullable3158,178388.25,115639.0556,Male,2021-03-01,Old Code5,2021-05-25
159,Description159,2021-03-15,2021-01-01 00:00:00,Primary1159,Primary2159,Primary3159,Nullable1159,Nullable2159,Nullable3159,178243.8333,116373.5854,Unspecified,1995-06-01,Code6,2021-05-25
160,Description160,1995-06-14,2020-02-10 11:30:00,Primary1160,Primary2160,Primary3160,Nullable1160,Nullable2160,Nullable3160,178099.4167,117108.1151,Female,2001-11-01,Old Code7,2021-05-25
161,Description161,2021-01-01,2021-01-01 00:00:00,Primary1161,Primary2161,Primary3161,Nullable1161,Nullable2161,Nullable3161,177955,117842.6449,Male,1990-12-01,Code8,2021-05-25
162,Description162,1982-10-01,2020-02-10 11:30:00,Primary1162,Primary2162,Primary3162,Nullable1162,Nullable2162,Nullable3162,177810.5833,118577.1747,Unspecified,2005-05-01,Old Code9,2021-05-25
163,Description163,2021-03-15,2021-01-01 00:00:00,Primary1163,Primary2163,Primary3163,Nullable1163,Nullable2163,Nullable3163,177666.1667,119311.7044,Female,2021-06-01,Code1,2021-05-25
164,Description164,1995-06-14,2020-02-10 11:30:00,Primary1164,Primary2164,Primary3164,Nullable1164,Nullable2164,Nullable3164,177521.75,120046.2342,Male,1990-01-01,Old Code2,2021-05-25
165,Description165,2021-01-01,2021-01-01 00:00:00,Primary1165,Primary2165,Primary3165,Nullable1165,Nullable2165,Nullable3165,177377.3333,120780.764,Unspecified,2000-10-01,Code3,2021-05-25
166,Description166,1982-10-01,2020-02-10 11:30:00,Primary1166,Primary2166,Primary3166,Nullable1166,Nullable2166,,177232.9167,121515.2937,Female,2020-02-01,Old Code4,2021-05-25
167,Description167,2021-03-15,2021-01-01 00:00:00,Primary1167,Primary2167,Primary3167,,Nullable2167,Nullable3167,177088.5,122249.8235,Male,2021-03-01,Code5,2021-05-25
168,Description168,1995-06-14,2020-02-10 11:30:00,Primary1168,Primary2168,Primary3168,Nullable1168,Nullable2168,Nullable3168,176944.0833,122984.3533,Unspecified,1995-06-01,Old Code6,2021-05-25
169,Description169,2021-01-01,2021-01-01 00:00:00,Primary1169,Primary2169,Primary3169,Nullable1169,Nullable2169,Nullable3169,176799.6667,123718.8831,Female,2001-11-01,Code7,2021-05-25
170,Description170,1982-10-01,2020-02-10 11:30:00,Primary1170,Primary2170,Primary3170,Nullable1170,Nullable2170,Nullable3170,176655.25,124453.4128,Male,1990-12-01,Old Code8,2021-05-25
171,Description171,2021-03-15,2021-01-01 00:00:00,Primary1171,Primary2171,Primary3171,Nullable1171,Nullable2171,Nullable3171,176510.8333,125187.9426,Unspecified,2005-05-01,Code9,2021-05-25
172,Description172,1995-06-14,2020-02-10 11:30:00,Primary1172,Primary2172,Primary3172,Nullable1172,,Nullable3172,176366.4167,125922.4724,Female,2021-06-01,Old Code1,2021-05-25
173,Description173,2021-01-01,2021-01-01 00:00:00,Primary1173,Primary2173,Primary3173,Nullable1173,Nullable2173,Nullable3173,176222,126657.0021,Male,1990-01-01,Code2,2021-05-25
174,Description174,1982-10-01,2020-02-10 11:30:00,Primary1174,Primary2174,Primary3174,Nullable1174,Nullable2174,Nullable3174,176077.5833,127391.5319,Unspecified,2000-10-01,Old Code3,2021-05-25
175,Description175,2021-03-15,2021-01-01 00:00:00,Primary1175,Primary2175,Primary3175,Nullable1175,Nullable2175,Nullable3175,175933.1667,128126.0617,Female,2020-02-01,Code4,2021-05-25
176,Description176,1995-06-14,2020-02-10 11:30:00,Primary1176,Primary2176,Primary3176,Nullable1176,Nullable2176,Nullable3176,175788.75,128860.5914,Male,2021-03-01,Old Code5,2021-05-25
177,Description177,2021-01-01,2021-01-01 00:00:00,Primary1177,Primary2177,Primary3177,Nullable1177,Nullable2177,Nullable3177,175644.3333,129595.1212,Unspecified,1995-06-01,Code6,2021-05-25
178,Description178,1982-10-01,2020-02-10 11:30:00,Primary1178,Primary2178,Primary3178,Nullable1178,Nullable2178,Nullable3178,175499.9167,130329.651,Female,2001-11-01,Old Code7,2021-05-25
179,Description179,2021-03-15,2021-01-01 00:00:00,Primary1179,Primary2179,Primary3179,Nullable1179,Nullable2179,Nullable3179,175355.5,131064.1808,Male,1990-12-01,Code8,2021-05-25
180,Description180,1995-06-14,2020-02-10 11:30:00,Primary1180,Primary2180,Primary3180,Nullable1180,Nullable2180,Nullable3180,175211.0833,131798.7105,Unspecified,2005-05-01,Old Code9,2021-05-25
181,Description181,2021-01-01,2021-01-01 00:00:00,Primary1181,Primary2181,Primary3181,Nullable1181,Nullable2181,Nullable3181,175066.6667,132533.2403,Female,2021-06-01,Code1,2021-05-25
182,Description182,1982-10-01,2020-02-10 11:30:00,Primary1182,Primary2182,Primary3182,Nullable1182,Nullable2182,Nullable3182,174922.25,133267.7701,Male,1990-01-01,Old Code2,2021-05-25
183,Description183,2021-03-15,2021-01-01 00:00:00,Primary1183,Primary2183,Primary3183,Nullable1183,Nullable2183,Nullable3183,174777.8333,134002.2998,Unspecified,2000-10-01,Code3,2021-05-25
184,Description184,1995-06-14,2020-02-10 11:30:00,Primary1184,Primary2184,Primary3184,Nullable1184,Nullable2184,Nullable3184,174633.4167,134736.8296,Female,2020-02-01,Old Code4,2021-05-25
185,Description185,2021-01-01,2021-01-01 00:00:00,Primary1185,Primary2185,Primary3185,,Nullable2185,Nullable3185,174489,135471.3594,Male,2021-03-01,Code5,2021-05-25
186,Description186,1982-10-01,2020-02-10 11:30:00,Primary1186,Primary2186,Primary3186,Nullable1186,Nullable2186,Nullable3186,174344.5833,136205.8892,Unspecified,1995-06-01,Old Code6,2021-05-25
187,Description187,2021-03-15,2021-01-01 00:00:00,Primary1187,Primary2187,Primary3187,Nullable1187,,Nullable3187,174200.1667,136940.4189,Female,2001-11-01,Code7,2021-05-25
188,Description188,1995-06-14,2020-02-10 11:30:00,Primary1188,Primary2188,Primary3188,Nullable1188,Nullable2188,Nullable3188,174055.75,137674.9487,Male,1990-12-01,Old Code8,2021-05-25
189,Description189,2021-01-01,2021-01-01 00:00:00,Primary1189,Primary2189,Primary3189,Nullable1189,Nullable2189,Nullable3189,173911.3333,138409.4785,Unspecified,2005-05-01,Code9,2021-05-25
190,Description190,1982-10-01,2020-02-10 11:30:00,Primary1190,Primary2190,Primary3190,Nullable1190,Nullable2190,Nullable3190,173766.9167,139144.0082,Female,2021-06-01,Old Code1,2021-05-25
191,Description191,2021-03-15,2021-01-01 00:00:00,Primary1191,Primary2191,Primary3191,Nullable1191,Nullable2191,Nullable3191,173622.5,139878.538,Male,1990-01-01,Code2,2021-05-25
192,Description192,1995-06-14,2020-02-10 11:30:00,Primary1192,Primary2192,Primary3192,Nullable1192,,Nullable3192,173478.0833,140613.0678,Unspecified,2000-10-01,Old Code3,2021-05-25
193,Description193,2021-01-01,2021-01-01 00:00:00,Primary1193,Primary2193,Primary3193,Nullable1193,Nullable2193,Nullable3193,173333.6667,141347.5975,Female,2020-02-01,Code4,2021-05-25
194,Description194,1982-10-01,2020-02-10 11:30:00,Primary1194,Primary2194,Primary3194,Nullable1194,Nullable2194,Nullable3194,173189.25,142082.1273,Male,2021-03-01,Old Code5,2021-05-25
195,Description195,2021-03-15,2021-01-01 00:00:00,Primary1195,Primary2195,Primary3195,Nullable1195,Nullable2195,Nullable3195,173044.8333,142816.6571,Unspecified,1995-06-01,Code6,2021-05-25
196,Description196,1995-06-14,2020-02-10 11:30:00,Primary1196,Primary2196,Primary3196,Nullable1196,Nullable2196,Nullable3196,172900.4167,143551.1869,Female,2001-11-01,Old Code7,2021-05-25
197,Description197,2021-01-01,2021-01-01 00:00:00,Primary1197,Primary2197,Primary3197,Nullable1197,Nullable2197,Nullable3197,172756,144285.7166,Male,1990-12-01,Code8,2021-05-25
198,Description198,1982-10-01,2020-02-10 11:30:00,Primary1198,Primary2198,Primary3198,Nullable1198,Nullable2198,,172611.5833,145020.2464,Unspecified,2005-05-01,Old Code9,2021-05-25
199,Description199,2021-03-15,2021-01-01 00:00:00,Primary1199,Primary2199,Primary3199,,Nullable2199,Nullable3199,172467.1667,145754.7762,Female,2021-06-01,Code1,2021-05-25
200,Description200,1995-06-14,2020-02-10 11:30:00,Primary1200,Primary2200,Primary3200,Nullable1200,Nullable2200,Nullable3200,172322.75,146489.3059,Male,1990-01-01,Old Code2,2021-05-25
201,Description201,2021-01-01,2021-01-01 00:00:00,Primary1201,Primary2201,Primary3201,Nullable1201,Nullable2201,Nullable3201,172178.3333,147223.8357,Unspecified,2000-10-01,Code3,2021-05-25
202,Description202,1982-10-01,2020-02-10 11:30:00,Primary1202,Primary2202,Primary3202,Nullable1202,Nullable2202,Nullable3202,172033.9167,147958.3655,Female,2020-02-01,Old Code4,2021-05-25
203,Description203,2021-03-15,2021-01-01 00:00:00,Primary1203,Primary2203,Primary3203,Nullable1203,Nullable2203,Nullable3203,171889.5,148692.8952,Male,2021-03-01,Code5,2021-05-25
204,Description204,1995-06-14,2020-02-10 11:30:00,Primary1204,Primary2204,Primary3204,Nullable1204,Nullable2204,Nullable3204,171745.0833,149427.425,Unspecified,1995-06-01,Old Code6,2021-05-25
205,Description205,2021-01-01,2021-01-01 00:00:00,Primary1205,Primary2205,Primary3205,Nullable1205,Nullable2205,Nullable3205,171600.6667,150161.9548,Female,2001-11-01,Code7,2021-05-25
206,Description206,1982-10-01,2020-02-10 11:30:00,Primary1206,Primary2206,Primary3206,Nullable1206,Nullable2206,Nullable3206,171456.25,150896.4846,Male,1990-12-01,Old Code8,2021-05-25
207,Description207,2021-03-15,2021-01-01 00:00:00,Primary1207,Primary2207,Primary3207,Nullable1207,Nullable2207,Nullable3207,171311.8333,151631.0143,Unspecified,2005-05-01,Code9,2021-05-25
208,Description208,1995-06-14,2020-02-10 11:30:00,Primary1208,Primary2208,Primary3208,Nullable1208,,Nullable3208,171167.4167,152365.5441,Female,2020-02-01,Old Code1,2021-05-25
209,Description209,2021-01-01,2021-01-01 00:00:00,Primary1209,Primary2209,Primary3209,Nullable1209,Nullable2209,Nullable3209,171023,153100.0739,Male,2021-03-01,Code2,2021-05-25
210,Description210,1982-10-01,2020-02-10 11:30:00,Primary1210,Primary2210,Primary3210,Nullable1210,Nullable2210,Nullable3210,170878.5833,153834.6036,Unspecified,1995-06-01,Old Code3,2021-05-25
211,Description211,2021-03-15,2021-01-01 00:00:00,Primary1211,Primary2211,Primary3211,Nullable1211,Nullable2211,Nullable3211,170734.1667,154569.1334,Female,2001-11-01,Code4,2021-05-25
212,Description212,1995-06-14,2020-02-10 11:30:00,Primary1212,Primary2212,Primary3212,Nullable1212,Nullable2212,Nullable3212,170589.75,155303.6632,Male,1990-12-01,Old Code5,2021-05-25
213,Description213,2021-01-01,2021-01-01 00:00:00,Primary1213,Primary2213,Primary3213,Nullable1213,Nullable2213,Nullable3213,170445.3333,156038.1929,Unspecified,2005-05-01,Code6,2021-05-25
214,Description214,1982-10-01,2020-02-10 11:30:00,Primary1214,Primary2214,Primary3214,Nullable1214,Nullable2214,Nullable3214,170300.9167,156772.7227,Female,2021-06-01,Old Code7,2021-05-25
215,Description215,2021-03-15,2021-01-01 00:00:00,Primary1215,Primary2215,Primary3215,Nullable1215,Nullable2215,Nullable3215,170156.5,157507.2525,Male,1990-01-01,Code8,2021-05-25
216,Description216,1995-06-14,2020-02-10 11:30:00,Primary1216,Primary2216,Primary3216,Nullable1216,Nullable2216,,170012.0833,158241.7823,Unspecified,2000-10-01,Old Code9,2021-05-25
217,Description217,2021-01-01,2021-01-01 00:00:00,Primary1217,Primary2217,Primary3217,Nullable1217,Nullable2217,Nullable3217,169867.6667,158976.312,Female,2020-02-01,Code1,2021-05-25
218,Description218,1982-10-01,2020-02-10 11:30:00,Primary1218,Primary2218,Primary3218,Nullable1218,Nullable2218,Nullable3218,169723.25,159710.8418,Male,2021-03-01,Old Code2,2021-05-25
219,Description219,2021-03-15,2021-01-01 00:00:00,Primary1219,Primary2219,Primary3219,Nullable1219,Nullable2219,Nullable3219,169578.8333,160445.3716,Unspecified,1995-06-01,Code3,2021-05-25
220,Description220,1995-06-14,2020-02-10 11:30:00,Primary1220,Primary2220,Primary3220,,Nullable2220,Nullable3220,169434.4167,161179.9013,Female,2001-11-01,Old Code4,2021-05-25
221,Description221,2021-01-01,2021-01-01 00:00:00,Primary1221,Primary2221,Primary3221,Nullable1221,Nullable2221,Nullable3221,169290,161914.4311,Male,1990-12-01,Code5,2021-05-25
222,Description222,1982-10-01,2020-02-10 11:30:00,Primary1222,Primary2222,Primary3222,Nullable1222,Nullable2222,,169145.5833,162648.9609,Unspecified,2005-05-01,Old Code6,2021-05-25
223,Description223,2021-03-15,2021-01-01 00:00:00,Primary1223,Primary2223,Primary3223,Nullable1223,Nullable2223,Nullable3223,169001.1667,163383.4907,Female,2021-06-01,Code7,2021-05-25
224,Description224,1995-06-14,2020-02-10 11:30:00,Primary1224,Primary2224,Primary3224,Nullable1224,Nullable2224,Nullable3224,168856.75,164118.0204,Male,1990-01-01,Old Code8,2021-05-25
225,Description225,2021-01-01,2021-01-01 00:00:00,Primary1225,Primary2225,Primary3225,Nullable1225,Nullable2225,Nullable3225,168712.3333,164852.5502,Unspecified,2000-10-01,Code9,2021-05-25
226,Description226,1982-10-01,2020-02-10 11:30:00,Primary1226,Primary2226,Primary3226,Nullable1226,Nullable2226,Nullable3226,168567.9167,165587.08,Female,2020-02-01,Old Code1,2021-05-25
227,Description227,2021-03-15,2021-01-01 00:00:00,Primary1227,Primary2227,Primary3227,Nullable1227,Nullable2227,Nullable3227,168423.5,166321.6097,Male,2021-03-01,Code2,2021-05-25
228,Description228,1995-06-14,2020-02-10 11:30:00,Primary1228,Primary2228,Primary3228,Nullable1228,Nullable2228,Nullable3228,168279.0833,167056.1395,Unspecified,1995-06-01,Old Code3,2021-05-25
229,Description229,2021-01-01,2021-01-01 00:00:00,Primary1229,Primary2229,Primary3229,Nullable1229,Nullable2229,Nullable3229,168134.6667,167790.6693,Female,2001-11-01,Code4,2021-05-25
230,Description230,1982-10-01,2020-02-10 11:30:00,Primary1230,Primary2230,Primary3230,,Nullable2230,Nullable3230,167990.25,168525.199,Male,1990-12-01,Old Code5,2021-05-25
231,Description231,2021-03-15,2021-01-01 00:00:00,Primary1231,Primary2231,Primary3231,Nullable1231,Nullable2231,Nullable3231,167845.8333,169259.7288,Unspecified,2005-05-01,Code6,2021-05-25
232,Description232,1995-06-14,2020-02-10 11:30:00,Primary1232,Primary2232,Primary3232,Nullable1232,Nullable2232,Nullable3232,167701.4167,169994.2586,Female,2021-06-01,Old Code7,2021-05-25
233,Description233,2021-01-01,2021-01-01 00:00:00,Primary1233,Primary2233,Primary3233,Nullable1233,Nullable2233,Nullable3233,167557,170728.7884,Male,1990-01-01,Code8,2021-05-25
234,Description234,1982-10-01,2020-02-10 11:30:00,Primary1234,Primary2234,Primary3234,Nullable1234,Nullable2234,Nullable3234,167412.5833,171463.3181,Unspecified,2000-10-01,Old Code9,2021-05-25
235,Description235,2021-03-15,2021-01-01 00:00:00,Primary1235,Primary2235,Primary3235,Nullable1235,Nullable2235,Nullable3235,167268.1667,172197.8479,Female,2020-02-01,Code1,2021-05-25
236,Description236,1995-06-14,2020-02-10 11:30:00,Primary1236,Primary2236,Primary3236,Nullable1236,Nullable2236,Nullable3236,167123.75,172932.3777,Male,2021-03-01,Old Code2,2021-05-25
237,Description237,2021-01-01,2021-01-01 00:00:00,Primary1237,Primary2237,Primary3237,,Nullable2237,Nullable3237,166979.3333,173666.9074,Unspecified,1995-06-01,Code3,2021-05-25
238,Description238,1982-10-01,2020-02-10 11:30:00,Primary1238,Primary2238,Primary3238,Nullable1238,Nullable2238,Nullable3238,166834.9167,174401.4372,Female,2001-11-01,Old Code4,2021-05-25
239,Description239,2021-03-15,2021-01-01 00:00:00,Primary1239,Primary2239,Primary3239,Nullable1239,Nullable2239,,166690.5,175135.967,Male,1990-12-01,Code5,2021-05-25
240,Description240,1995-06-14,2020-02-10 11:30:00,Primary1240,Primary2240,Primary3240,Nullable1240,Nullable2240,Nullable3240,166546.0833,175870.4967,Unspecified,2005-05-01,Old Code6,2021-05-25
241,Description241,2021-01-01,2021-01-01 00:00:00,Primary1241,Primary2241,Primary3241,Nullable1241,Nullable2241,Nullable3241,166401.6667,176605.0265,Female,2021-06-01,Code7,2021-05-25
242,Description242,1982-10-01,2020-02-10 11:30:00,Primary1242,Primary2242,Primary3242,Nullable1242,,Nullable3242,166257.25,177339.5563,Male,1990-01-01,Old Code8,2021-05-25
243,Description243,2021-03-15,2021-01-01 00:00:00,Primary1243,Primary2243,Primary3243,Nullable1243,Nullable2243,Nullable3243,166112.8333,178074.0861,Unspecified,2000-10-01,Code9,2021-05-25
244,Description244,1995-06-14,2020-02-10 11:30:00,Primary1244,Primary2244,Primary3244,Nullable1244,Nullable2244,Nullable3244,165968.4167,178808.6158,Female,2020-02-01,Old Code1,2021-05-25
245,Description245,2021-01-01,2021-01-01 00:00:00,Primary1245,Primary2245,Primary3245,Nullable1245,Nullable2245,Nullable3245,165824,179543.1456,Male,2021-03-01,Code2,2021-05-25
246,Description246,1982-10-01,2020-02-10 11:30:00,Primary1246,Primary2246,Primary3246,Nullable1246,Nullable2246,,165679.5833,180277.6754,Unspecified,1995-06-01,Old Code3,2021-05-25
247,Description247,2021-03-15,2021-01-01 00:00:00,Primary1247,Primary2247,Primary3247,Nullable1247,Nullable2247,Nullable3247,165535.1667,181012.2051,Female,2001-11-01,Code4,2021-05-25
248,Description248,1995-06-14,2020-02-10 11:30:00,Primary1248,Primary2248,Primary3248,Nullable1248,Nullable2248,Nullable3248,165390.75,181746.7349,Male,1990-12-01,Old Code5,2021-05-25
249,Description249,2021-01-01,2021-01-01 00:00:00,Primary1249,Primary2249,Primary3249,,Nullable2249,Nullable3249,165246.3333,182481.2647,Unspecified,2005-05-01,Code6,2021-05-25
250,Description250,1982-10-01,2020-02-10 11:30:00,Primary1250,Primary2250,Primary3250,Nullable1250,Nullable2250,Nullable3250,165101.9167,183215.7944,Female,2021-06-01,Old Code7,2021-05-25
